user_id	Q1	Q2	Q3	Q4	Q5	Q6	Q7	Q8	Q9	Q10	Q11	Q12	Q13	Q14	Q15
1	5	3	3	3	3	5	3	3	5	3	3	3	5	3	3
3	3	3	3	3	3	3	3	3	3	3	3	3	3	3	3
4	3	3	3	3	3	3	3	3	3	3	3	3	3	3	3
5	2	2	2	2	2	2	2	2	2	2	2	2	2	2	2
9	0	3	4	4	3	5	0	5	3	4	0	0	3	3	5
10	3	0	4	3	0	1	1	0	2	1	4	0	4	2	5
11	4	1	5	5	1	4	1	5	4	5	1	1	4	4	4
16	1	2	2	2	2	5	2	2	2	2	2	2	2	2	4
19	0	5	4	3	2	3	3	3	0	2	1	0	2	3	5
21	5	0	2	3	0	4	0	4	4	3	0	1	4	5	3
22	5	1	5	5	5	5	0	0	0	5	5	0	2	3	1
27	3	3	2	2	2	3	3	3	3	2	2	2	3	3	3
34	5	5	5	5	0	4	0	4	5	4	0	0	5	4	4
35	3	3	3	3	3	3	3	3	3	3	3	3	3	3	3
36	3	3	3	3	3	3	3	3	3	3	3	3	3	3	3
38	5	2	4	5	2	4	1	4	4	4	0	0	3	4	5
40	5	1	5	4	3	4	1	5	4	5	3	2	4	4	4
42	3	3	3	3	3	3	3	3	3	3	3	3	3	3	3
46	5	0	5	5	0	5	0	5	5	5	0	0	5	5	5
47	4	1	4	4	1	5	0	5	3	4	0	0	4	4	5
50	3	4	4	1	5	3	1	5	3	2	3	3	3	0	5
55	5	3	3	3	3	4	3	5	3	4	3	3	4	2	3
60	4	2	4	3	5	3	2	3	2	2	0	0	3	3	5
62	5	0	5	5	0	5	0	5	5	5	0	0	5	5	5
64	5	3	3	4	3	5	4	1	3	2	1	0	5	2	3
66	3	3	3	3	3	3	3	3	3	3	3	3	3	3	3
68	3	3	3	3	3	3	3	3	3	3	3	3	3	3	3
74	5	0	5	5	0	5	0	5	5	5	0	0	5	5	5
75	4	4	2	2	4	2	3	4	2	1	3	3	2	1	3
77	5	3	2	2	3	5	3	5	5	2	3	3	5	2	5
79	5	0	5	5	0	5	0	5	5	5	0	0	5	5	5
82	5	0	4	4	1	5	2	5	5	3	2	2	5	3	5
89	4	3	5	5	3	5	4	4	3	4	3	4	4	3	4
90	3	2	3	3	2	3	2	3	3	3	2	2	3	3	3
92	3	2	3	3	3	2	3	2	3	3	3	2	3	3	2
94	3	3	2	2	3	3	2	2	3	2	2	2	3	2	3
95	5	5	0	0	5	5	5	5	5	0	5	5	5	5	5
98	3	5	3	3	3	3	3	3	3	3	3	3	3	3	3
103	5	0	4	4	0	5	2	5	5	3	2	2	5	5	5
106	1	3	2	1	3	2	3	3	1	1	3	3	1	3	1
110	3	2	3	3	2	3	2	3	3	3	2	2	3	3	3
112	3	3	2	1	3	3	3	1	3	1	3	3	3	1	3
114	5	3	2	2	3	3	1	4	4	2	2	2	5	2	3
116	3	2	3	3	2	3	2	3	3	3	2	2	3	3	3
117	4	3	2	2	2	0	2	2	4	2	2	2	4	2	4
119	4	4	1	1	4	4	4	5	4	4	4	4	4	1	4
122	4	4	4	4	4	4	4	5	4	4	4	4	4	4	4
125	3	3	3	3	3	3	3	4	3	3	3	3	3	4	4
126	4	2	3	3	2	2	1	2	4	3	1	1	4	3	3
127	1	2	4	3	3	2	3	2	3	1	4	1	3	2	4
129	5	2	3	3	3	4	1	5	3	3	3	2	4	2	4
130	0	2	2	2	2	2	3	3	4	4	5	4	1	4	3
131	5	5	5	5	5	5	5	5	5	5	5	5	5	5	5
133	4	3	3	5	0	3	2	3	5	2	0	0	5	5	3
137	5	0	3	3	4	4	2	5	5	2	2	2	5	3	4
138	4	3	4	4	3	1	0	5	4	3	0	0	4	3	4
140	5	5	1	1	4	3	3	2	4	1	3	3	4	1	3
143	2	2	2	2	2	2	2	2	2	2	2	2	2	2	2
146	4	3	3	2	3	2	2	3	3	2	2	2	2	4	2
153	5	3	3	3	3	5	3	3	5	3	3	3	5	3	3
154	3	3	5	5	3	5	3	5	3	5	3	3	3	2	5
160	5	3	3	3	3	5	3	3	5	3	3	3	5	3	3
161	4	3	3	3	4	5	5	3	3	3	5	3	3	0	3
165	5	3	3	3	3	3	3	5	5	4	3	3	5	3	3
172	5	2	3	4	2	5	1	5	5	2	2	3	5	3	5
180	5	1	3	3	1	3	3	5	5	3	2	2	5	3	5
186	4	4	2	2	3	4	3	4	4	2	3	3	4	2	4
189	5	3	3	3	3	5	3	3	5	3	3	3	5	3	3
190	5	3	3	3	3	5	3	5	5	3	3	3	5	3	3
193	4	2	3	3	2	3	2	2	4	3	1	1	4	3	3
197	5	4	4	4	4	5	4	5	5	4	4	4	5	4	5
200	4	4	0	0	4	5	4	4	4	1	4	4	4	1	5
201	4	1	3	3	1	4	4	4	3	3	3	3	5	3	4
202	5	3	1	1	4	5	1	5	5	2	3	1	5	4	5
204	4	3	3	3	3	4	3	4	4	2	3	3	4	2	4
206	3	3	3	3	3	3	3	3	3	3	3	3	3	3	3
216	4	4	2	2	3	3	3	2	3	2	3	3	4	2	3
217	5	3	3	3	2	3	2	3	5	3	1	1	4	3	3
223	5	0	5	5	0	5	0	5	5	3	2	2	5	5	5
224	4	2	3	3	2	3	1	4	4	3	1	1	4	3	4
225	4	2	2	2	3	4	2	4	4	2	1	1	4	3	4
228	2	3	2	2	3	4	3	4	3	1	2	3	3	2	4
232	5	5	3	3	5	5	0	3	5	3	0	0	5	0	5
234	4	2	3	3	2	2	1	1	4	3	2	1	4	4	2
235	4	3	2	2	2	2	2	2	4	2	2	1	4	3	2
241	1	2	2	2	2	3	2	2	4	2	2	1	4	3	3
242	5	3	2	3	2	5	2	5	5	3	3	2	5	3	5
245	4	1	4	3	2	2	2	2	4	3	1	1	4	4	3
248	4	3	1	1	3	3	0	1	5	1	3	3	4	2	3
249	4	4	1	2	3	3	2	3	4	2	2	2	4	3	2
253	4	3	2	3	2	3	2	3	4	2	2	2	4	3	3
255	4	2	2	1	3	3	2	3	3	2	2	2	4	4	4
260	4	4	4	2	2	2	4	5	2	4	5	1	4	4	4
262	5	2	2	2	3	5	3	5	5	2	3	3	5	2	5
264	1	3	2	2	3	2	2	2	3	1	1	1	4	4	4
267	3	3	5	5	3	5	3	5	3	5	3	3	3	2	5
268	4	4	2	2	3	4	4	3	5	4	3	4	4	2	3
280	2	3	3	2	2	4	4	5	2	2	3	4	0	3	3
284	3	2	2	2	2	3	2	3	3	2	2	2	3	3	3
293	4	0	5	4	0	1	0	2	3	4	0	1	3	5	1
301	3	3	2	2	3	3	3	3	3	2	3	3	3	2	3
302	4	3	3	3	3	2	1	3	3	3	1	1	3	2	3
317	5	3	0	0	4	5	3	5	5	0	2	2	5	4	5
319	4	3	3	3	3	3	2	3	4	3	2	2	4	2	3
320	5	5	5	0	0	0	5	5	5	0	0	0	5	5	5
330	3	2	3	3	2	3	2	3	3	3	2	2	3	3	3
333	5	4	1	1	4	3	3	1	5	1	3	3	5	1	3
335	3	3	3	3	3	3	3	3	3	3	3	3	3	3	3
336	5	1	5	5	0	5	0	5	5	5	0	0	5	4	3
337	4	1	4	4	1	4	1	4	4	4	1	1	4	4	4
345	2	5	3	5	3	2	2	3	0	0	5	2	2	3	2
355	4	0	3	4	4	5	2	5	2	2	3	0	2	2	5
356	5	4	1	1	4	3	3	1	5	1	3	3	5	1	3
357	3	3	3	3	3	3	3	3	1	3	5	3	3	3	3
359	2	2	2	2	2	4	2	4	4	2	2	2	4	4	4
362	5	5	5	0	0	0	5	5	5	0	0	0	5	5	5
364	4	3	3	3	3	3	2	3	4	3	2	2	4	2	3
369	3	3	3	3	3	3	3	3	3	3	3	3	3	3	3
372	4	2	2	3	3	3	1	4	4	3	1	2	3	2	4
373	5	1	5	5	1	5	1	5	5	3	0	0	5	3	4
375	3	2	3	3	2	3	2	3	3	3	2	2	3	3	2
378	4	2	0	0	1	5	3	5	4	0	3	1	4	4	5
379	5	5	5	0	0	0	5	5	5	0	0	0	5	5	5
384	3	3	3	3	3	3	3	3	3	3	3	3	3	3	3
388	4	1	4	4	1	4	1	4	4	4	1	1	4	4	4
389	3	5	1	5	3	3	3	3	3	3	5	5	5	5	1
391	5	4	0	1	3	5	5	4	4	0	3	1	4	1	5
392	3	3	3	3	3	3	3	3	3	3	3	3	3	3	3
395	4	2	2	3	3	3	1	4	4	3	1	2	3	2	4
396	4	2	3	4	4	2	4	0	3	5	3	3	2	4	0
397	3	3	5	5	3	5	3	5	3	5	3	3	3	2	5
399	4	3	3	0	2	2	4	5	1	2	4	2	2	3	0
400	5	0	5	5	0	5	0	5	5	5	4	0	5	5	5
403	2	3	2	2	2	2	3	2	2	2	4	4	2	2	3
404	4	2	0	0	1	5	3	5	4	0	3	1	4	4	5
412	5	4	0	5	5	3	5	3	3	4	4	2	4	2	2
417	4	0	4	4	0	2	1	4	4	4	1	1	4	4	4
418	2	2	0	5	1	0	5	1	3	5	5	3	5	4	5
419	3	2	3	3	2	3	2	3	3	3	2	2	3	3	3
434	0	4	3	2	4	2	3	4	3	2	2	3	2	4	1
437	4	3	5	3	1	3	3	1	3	3	4	4	4	3	3
446	5	5	5	0	0	0	5	5	5	0	0	0	5	5	5
448	5	0	5	5	0	5	0	5	5	5	0	0	5	5	5
452	4	3	3	3	3	3	3	3	3	3	4	3	4	3	4
455	4	3	5	5	3	5	3	4	4	5	3	3	4	4	5
459	4	3	5	5	3	5	3	4	4	5	3	3	4	4	5
466	3	3	3	3	3	3	3	3	3	3	3	3	3	3	3
467	1	2	1	2	1	2	2	3	3	5	4	5	4	4	3
469	4	4	4	4	4	4	1	4	4	4	1	1	4	4	4
470	5	0	5	5	0	5	0	5	5	5	0	0	5	5	5
473	5	1	5	4	1	5	1	5	5	4	1	0	3	3	4
474	5	3	3	3	3	5	2	3	5	3	0	0	5	4	5
475	5	4	1	1	4	3	3	1	5	1	3	3	5	1	3
477	5	0	5	5	0	5	0	5	5	5	0	0	5	5	5
484	3	3	3	3	3	3	3	3	3	3	3	3	3	3	3
487	4	4	4	4	4	4	4	4	4	4	4	4	4	4	4
488	5	4	1	1	4	3	3	1	5	1	3	3	5	1	3
492	4	3	2	1	3	3	1	1	4	1	1	1	4	1	1
496	5	0	5	5	0	5	0	5	5	5	0	0	5	5	5
499	5	0	3	3	0	3	0	3	5	3	0	0	5	3	3
502	3	2	3	3	2	3	2	3	3	3	2	2	3	3	3
504	4	3	5	5	3	5	3	4	4	5	3	3	4	4	5
510	5	0	5	5	0	5	0	5	5	5	0	0	5	5	5
512	4	2	0	0	2	5	3	5	3	0	4	4	3	3	5
515	5	5	5	0	0	0	5	5	5	0	0	0	5	5	5
516	3	3	3	3	3	3	3	3	3	3	3	3	3	3	3
517	3	3	3	3	3	3	5	3	3	5	3	3	1	1	3
523	3	0	5	5	0	3	1	3	3	3	2	1	5	5	3
524	4	3	3	2	4	4	3	5	4	1	3	4	4	2	5
525	5	0	5	5	0	5	0	5	5	5	0	0	5	5	5
531	5	1	5	5	1	5	1	5	5	5	0	0	3	3	5
536	5	0	5	5	0	5	0	5	5	5	0	0	5	5	5
537	4	1	4	4	1	4	1	4	4	4	1	1	4	4	4
539	4	2	0	0	3	5	3	5	3	0	2	1	4	4	5
540	2	4	0	4	4	4	4	4	4	4	4	2	4	2	4
541	5	0	5	5	0	5	0	5	5	5	0	0	5	5	5
546	5	5	5	0	0	0	5	5	5	0	0	0	5	5	5
549	3	2	3	3	2	3	2	3	3	3	2	2	3	3	3
550	5	1	5	5	0	5	0	5	3	5	1	1	5	3	5
558	4	2	3	0	3	5	3	5	3	0	2	2	4	4	5
559	0	4	0	4	2	4	2	0	0	4	4	0	4	4	2
562	4	3	5	5	3	5	3	4	4	5	3	3	4	4	5
563	3	3	3	3	3	3	3	3	3	3	3	3	3	3	3
569	3	3	3	3	3	3	3	3	3	3	3	3	3	3	3
574	4	5	0	0	5	4	5	0	5	0	3	3	3	0	3
577	4	3	5	5	3	5	3	4	4	5	3	3	4	4	5
580	5	3	5	3	3	3	0	2	3	2	0	2	5	2	3
586	3	3	3	3	3	5	3	5	3	5	3	3	3	2	5
595	0	0	0	0	0	0	0	0	0	0	0	0	0	0	0
600	5	0	5	5	0	5	0	5	5	5	0	0	5	5	5
603	3	0	3	3	0	0	3	2	3	3	3	2	3	3	3
606	4	1	4	4	1	4	1	4	4	4	1	1	4	4	4
608	5	5	5	0	0	0	0	0	0	5	5	5	0	0	0
615	5	4	1	1	4	3	3	1	5	1	3	3	5	1	3
616	5	3	3	3	3	5	2	3	5	3	0	0	5	4	5
622	3	2	3	3	2	3	2	3	3	3	2	3	3	3	3
623	1	3	0	2	3	2	3	2	1	2	3	0	3	2	3
624	5	0	5	5	0	5	0	5	5	5	0	0	5	5	5
625	3	2	3	0	3	5	3	5	3	0	2	1	4	4	5
627	3	3	3	3	3	3	3	3	3	3	3	3	3	3	3
633	5	5	5	0	0	0	5	5	5	0	0	0	5	5	5
635	4	3	5	5	3	5	3	4	4	5	3	3	4	4	5
638	4	0	5	5	0	5	0	4	4	4	0	0	4	5	5
639	5	1	1	5	3	1	5	3	4	5	3	5	1	3	3
640	1	1	3	1	1	1	1	1	1	1	1	1	1	1	1
641	5	0	5	5	0	5	0	5	5	5	0	0	5	5	5
645	5	4	1	1	4	3	3	1	5	1	3	3	5	1	3
646	5	0	3	3	0	3	1	3	5	3	0	0	5	5	3
648	5	1	3	5	1	3	2	5	5	4	1	1	5	3	5
652	5	5	5	5	5	5	5	5	5	5	5	5	5	5	5
653	4	2	4	4	2	4	2	4	4	4	2	2	4	4	4
656	4	2	2	3	3	3	1	4	4	3	1	2	3	2	4
658	4	0	5	4	0	5	0	4	3	4	0	0	4	5	5
659	5	1	3	5	2	3	1	4	4	5	2	1	5	5	5
663	5	0	5	5	0	5	0	5	5	5	0	0	5	5	5
666	3	2	3	3	2	3	2	3	3	3	2	2	3	3	3
667	3	3	3	3	3	3	3	3	3	3	3	3	3	3	3
671	5	0	3	3	5	3	0	3	5	3	0	0	5	5	3
673	3	3	3	3	3	3	3	5	3	5	3	3	3	3	1
675	5	5	5	0	0	0	5	5	5	0	0	0	5	5	5
681	3	2	2	2	2	4	1	2	3	2	1	1	3	3	3
682	3	2	3	3	2	3	2	3	3	3	2	2	3	3	3
683	5	0	5	5	0	5	0	5	5	5	0	0	5	5	5
684	0	3	3	3	3	1	1	3	1	2	3	1	5	3	3
688	4	3	3	3	3	5	3	4	3	4	5	3	3	3	3
689	3	3	5	5	0	1	5	1	3	2	3	3	3	3	1
698	4	2	3	3	2	5	3	5	3	3	2	1	4	4	5
699	4	2	2	3	3	3	1	4	4	3	1	2	3	2	4
702	0	0	0	0	0	0	0	0	0	0	0	0	0	0	0
703	1	3	0	0	2	2	5	2	2	1	4	4	2	3	1
708	1	1	1	1	3	1	5	5	3	4	4	2	0	0	0
709	4	2	2	2	2	4	1	2	2	2	2	1	3	2	3
711	5	3	4	4	4	4	3	5	5	4	5	3	5	1	4
713	1	2	2	2	4	2	4	3	1	1	5	3	1	4	1
716	3	3	3	3	3	3	3	3	3	3	3	3	3	3	3
717	1	1	1	1	1	1	1	1	1	1	1	1	1	1	1
723	3	3	3	3	3	3	3	3	3	3	3	3	3	3	3
724	3	3	3	3	3	3	3	3	3	3	3	3	3	3	3
725	3	3	3	3	3	3	3	3	3	3	3	3	3	3	3
728	4	2	2	2	2	2	2	2	2	2	2	2	4	2	2
732	3	3	3	3	3	3	3	3	3	3	3	3	3	3	3
739	2	2	2	3	1	3	5	2	0	0	5	5	3	5	3
740	4	4	4	3	3	5	2	4	2	3	2	0	3	4	4
747	0	2	2	4	2	3	3	2	3	2	3	2	4	0	5
750	3	2	4	3	2	1	1	2	1	0	3	2	3	3	2
753	4	3	5	5	3	5	3	4	4	5	3	3	4	4	5
758	4	3	5	5	3	5	3	4	4	5	3	3	4	4	5
760	2	5	0	0	5	5	5	5	0	0	5	3	3	2	3
762	2	2	2	2	2	2	2	2	4	2	2	2	4	2	2
763	4	2	2	2	2	4	2	2	4	2	2	2	4	4	4
766	4	3	3	2	3	3	2	4	4	2	2	1	4	3	3
769	5	3	3	3	2	3	3	2	3	3	3	3	2	3	2
770	4	4	4	4	4	4	4	4	4	4	4	4	4	4	4
773	5	0	5	5	0	5	0	5	5	5	0	0	5	5	5
775	5	3	3	3	3	5	2	3	5	3	0	0	5	4	5
778	3	2	3	3	2	3	2	3	3	3	2	2	3	3	3
779	3	0	4	5	0	5	0	4	3	4	0	0	4	5	5
784	4	1	2	2	2	4	2	4	4	2	2	2	4	4	4
791	3	5	5	3	3	2	0	3	3	3	0	0	3	2	5
793	5	0	5	5	0	5	0	5	5	5	0	0	5	5	5
795	5	3	3	3	3	5	2	3	5	3	0	0	5	4	5
796	3	0	4	4	0	5	0	5	4	4	0	1	3	5	5
797	4	2	2	3	3	3	1	4	4	3	1	2	3	2	4
804	3	5	2	2	5	3	3	0	3	2	3	3	3	0	3
813	3	3	3	3	3	3	5	3	3	3	3	3	5	3	5
814	5	0	5	5	0	5	0	5	5	5	0	0	5	5	5
815	2	2	4	2	4	4	2	2	4	2	4	4	2	2	4
820	5	0	5	5	0	5	0	4	4	5	0	0	5	5	5
823	4	2	3	3	2	5	3	5	3	3	2	1	4	4	5
825	4	3	2	2	4	4	4	4	4	2	4	3	4	2	3
827	4	2	2	3	3	3	1	4	4	3	1	2	3	2	4
828	4	2	3	3	2	4	1	3	4	1	0	0	4	3	4
830	5	0	5	5	0	5	0	5	5	5	0	0	5	5	5
833	5	4	5	5	4	5	3	4	5	4	4	4	5	1	5
835	4	4	5	5	4	5	0	5	1	5	0	0	4	3	3
837	5	2	5	5	2	5	0	5	4	4	1	1	3	4	5
846	4	2	3	3	3	4	3	4	4	3	4	3	4	3	3
850	5	0	5	5	0	5	0	5	5	5	0	0	5	5	5
851	1	1	1	1	1	1	1	1	1	1	1	1	1	1	1
852	4	4	4	4	4	4	4	4	4	4	4	4	4	4	4
853	3	5	2	2	5	3	3	0	3	2	3	3	3	0	3
854	5	4	5	5	4	5	3	4	5	4	4	4	5	1	5
860	5	3	3	3	3	5	2	3	5	3	0	0	5	4	5
863	5	0	4	4	0	4	4	4	5	4	4	4	5	5	4
868	5	0	3	5	1	5	0	4	5	5	0	1	3	4	5
870	5	0	3	3	0	3	0	4	5	3	0	0	5	5	3
871	4	2	2	3	3	3	1	4	4	3	1	2	3	2	4
872	3	5	2	2	5	3	3	0	3	2	3	3	3	0	3
876	5	4	5	5	4	5	3	4	5	4	4	4	5	1	5
877	4	3	5	5	3	5	3	4	4	5	3	3	4	4	5
878	3	3	2	2	5	3	3	0	3	2	3	3	3	0	3
880	5	0	4	4	0	4	4	4	5	4	4	4	5	5	4
882	5	1	3	4	1	3	1	5	4	5	0	1	4	4	5
884	5	0	5	4	1	5	3	5	4	3	1	1	4	4	5
887	3	2	3	3	2	3	3	3	3	3	3	3	3	3	3
894	5	0	3	3	0	5	1	5	3	4	0	0	4	5	4
895	4	2	4	5	0	4	1	5	3	3	2	0	5	4	5
896	4	2	2	3	3	3	1	4	4	3	1	2	3	2	4
899	3	3	2	2	5	3	3	0	3	2	3	3	3	0	3
901	3	2	3	3	2	3	2	3	3	3	2	2	3	3	3
918	5	0	5	5	0	5	0	5	5	5	0	0	5	5	5
919	4	4	4	4	3	4	2	4	2	3	2	2	2	3	4
920	5	0	3	3	0	3	0	3	5	2	0	0	5	5	3
922	5	3	3	3	3	5	2	3	5	3	0	0	5	4	5
924	5	0	5	3	0	5	1	5	3	4	1	1	4	5	5
928	4	4	4	4	4	4	4	4	4	4	4	4	4	4	4
933	3	5	2	2	5	2	3	0	3	2	3	3	3	0	3
946	3	3	3	3	3	4	4	3	3	3	3	4	3	3	3
950	5	0	5	5	2	3	0	3	3	3	2	2	3	3	3
953	4	2	3	3	2	4	3	4	3	3	2	1	4	4	4
954	3	0	3	3	0	5	2	3	3	3	0	0	3	5	5
955	4	5	2	2	3	5	5	4	5	3	5	5	1	3	5
956	4	0	4	5	0	5	0	5	5	4	0	0	5	5	5
957	4	1	4	2	2	4	0	4	3	3	0	0	3	4	5
959	5	0	5	4	0	5	0	5	5	3	0	0	5	5	5
960	4	5	2	2	5	3	3	3	0	2	3	3	3	0	3
967	4	3	0	2	4	3	3	2	3	3	3	3	4	1	4
971	3	3	3	3	5	3	0	3	1	3	0	0	3	1	1
972	5	0	0	0	0	0	0	0	5	0	0	0	5	0	0
975	3	3	3	3	3	3	3	3	3	3	3	3	3	3	3
977	2	1	2	2	1	3	2	2	3	2	2	2	4	3	3
980	3	3	3	3	3	3	2	2	3	3	2	2	3	2	3
984	5	3	5	5	3	5	3	5	5	5	3	3	5	5	5
991	4	3	2	2	3	3	0	5	3	2	2	2	4	2	5
992	5	3	3	3	3	3	2	3	3	3	2	2	3	3	3
995	5	3	1	1	3	4	3	4	3	1	3	2	5	3	5
996	5	1	4	4	2	4	3	4	4	3	3	5	4	3	3
1003	3	3	2	2	3	3	3	3	3	3	3	3	3	2	3
1007	5	2	2	2	3	4	2	4	3	2	2	2	3	3	4
1008	4	1	3	2	2	2	4	5	2	2	5	5	2	5	3
1012	3	2	3	3	3	3	3	3	3	3	3	3	3	3	3
1013	4	0	5	4	1	4	1	4	2	4	1	1	4	4	4
1015	3	3	3	1	3	3	3	3	3	1	1	1	3	1	3
1016	3	3	2	2	3	3	2	3	3	1	1	1	3	2	4
1019	1	3	2	2	1	4	1	3	1	2	3	2	3	3	3
1020	4	4	3	2	3	4	3	4	4	3	2	2	2	3	4
1021	4	4	2	2	5	3	4	3	3	2	3	3	3	1	3
1026	5	3	5	5	2	4	1	5	3	3	0	2	3	3	4
1028	4	0	5	5	0	5	4	3	4	5	4	4	4	5	5
1030	4	0	5	5	0	5	4	3	4	5	4	4	4	5	5
1031	4	0	5	5	0	5	4	3	3	4	4	4	4	5	5
1035	5	1	5	3	1	5	1	3	2	3	2	2	3	3	5
1038	5	0	5	3	1	5	3	5	5	3	3	3	5	5	5
1045	5	5	5	5	5	5	5	5	5	5	5	5	5	5	5
1046	5	5	5	5	5	5	5	5	5	5	5	5	5	5	5
1049	5	3	2	2	3	3	3	3	3	2	3	3	3	2	3
1051	4	4	4	4	4	4	4	4	4	4	4	4	4	4	4
1052	5	5	0	0	5	3	3	3	5	2	3	2	4	0	5
1059	4	5	4	4	5	4	5	4	5	4	4	4	5	4	4
1060	4	2	4	4	4	4	4	4	4	4	4	4	4	4	4
1062	4	5	4	4	5	5	4	4	4	4	4	4	4	5	5
1063	4	3	4	4	2	5	1	4	4	3	3	1	4	5	4
1065	4	5	5	4	5	5	4	4	4	4	4	3	4	4	5
1066	5	5	5	5	5	5	0	5	5	0	0	0	5	5	5
1069	3	3	3	3	3	3	3	3	3	3	3	3	4	4	4
1076	4	4	4	4	5	5	3	4	4	4	3	3	4	3	4
1077	4	0	3	3	2	2	2	4	2	2	0	3	3	4	4
1079	4	0	1	1	0	0	0	1	4	0	0	0	4	4	0
1081	4	1	0	0	2	4	4	1	1	0	5	5	4	1	1
1082	4	3	2	1	1	3	0	4	4	0	0	0	2	2	4
1092	4	3	3	2	3	4	3	4	4	3	1	1	4	2	5
1095	4	5	5	5	5	5	3	5	4	5	5	5	5	3	5
1101	4	1	3	3	1	5	1	5	3	3	1	1	3	3	3
1115	4	3	3	3	3	3	3	4	4	2	2	2	3	2	2
1118	0	1	1	0	0	3	3	4	3	0	1	1	5	0	3
1119	3	3	3	3	3	3	3	3	3	3	0	0	3	3	3
1120	4	3	1	3	3	1	5	3	4	3	5	5	5	3	5
1122	1	0	0	0	1	1	0	1	1	1	0	0	0	1	1
1126	3	4	2	2	3	3	4	3	3	2	3	4	3	3	4
1129	2	3	0	0	2	3	2	2	4	0	0	0	4	1	3
1130	1	3	2	0	2	4	3	3	2	0	3	3	1	2	5
1136	4	2	4	4	2	4	5	4	4	4	5	5	4	4	4
1139	4	2	2	1	2	3	2	4	4	2	2	2	4	4	4
1140	3	3	3	3	3	3	3	3	3	3	4	4	3	3	3
1141	4	4	4	4	4	4	4	4	4	4	4	4	4	4	4
1144	4	3	0	0	3	3	5	3	5	0	3	3	3	2	2
1145	3	3	2	3	5	3	5	3	4	3	3	5	3	0	3
1147	4	4	1	4	5	5	5	4	1	5	3	4	5	3	5
1148	4	2	4	3	2	4	3	5	5	1	2	2	5	3	4
1150	4	2	3	4	3	4	3	4	4	3	2	2	4	3	4
1152	4	4	0	0	5	4	5	4	5	0	4	4	4	1	4
1153	4	2	3	3	2	4	3	2	3	3	3	3	3	3	4
1154	4	1	1	2	4	3	4	2	5	2	3	3	5	2	3
1155	4	3	4	2	3	5	3	3	4	3	2	2	4	2	5
1156	3	3	5	5	3	5	0	5	3	5	0	0	4	5	5
1157	5	2	3	2	3	4	0	4	3	3	0	1	4	2	3
1158	4	3	4	5	4	5	1	2	1	2	2	2	5	3	4
1160	4	3	5	4	2	0	5	3	0	4	3	5	5	2	4
1162	2	5	5	5	4	5	2	5	4	5	0	3	3	0	4
1166	4	2	3	1	3	3	1	3	3	2	2	2	3	2	1
1167	4	3	1	2	3	0	0	3	4	3	0	0	2	1	0
1168	3	3	3	3	3	0	3	2	3	3	2	3	3	3	2
1169	4	3	4	4	3	2	4	2	4	3	4	4	4	3	4
1172	2	3	2	3	3	3	3	1	3	2	4	4	3	2	3
1180	4	1	3	3	2	5	4	4	3	3	4	3	3	3	4
1183	5	2	3	3	0	5	1	3	5	3	1	1	4	5	3
1184	2	0	5	2	2	5	4	3	3	2	3	3	0	3	3
1191	4	3	3	3	3	2	3	3	4	3	3	3	4	2	3
1197	4	3	4	3	3	3	2	3	4	3	3	3	4	3	4
1202	4	3	4	4	3	4	2	3	4	4	3	4	3	4	3
1205	4	3	4	2	3	4	2	4	3	3	2	1	3	3	3
1209	4	1	3	3	4	1	1	3	3	3	1	1	3	5	3
1212	4	3	4	4	3	2	2	3	3	3	2	2	3	2	3
1214	3	2	4	4	2	3	3	3	3	3	2	2	3	3	3
1215	4	5	0	0	4	1	3	1	4	1	3	1	4	0	0
1217	1	3	3	4	4	2	1	2	4	2	2	1	4	1	2
1218	5	1	1	2	3	5	1	3	4	0	0	0	5	3	5
1219	4	3	2	3	3	2	3	3	2	1	2	3	5	1	3
1224	2	2	4	4	4	4	2	1	3	4	4	2	4	0	3
1227	4	1	4	4	2	3	3	4	3	3	3	3	3	4	4
1233	4	3	4	3	2	5	4	3	2	3	2	0	3	4	4
1238	2	2	0	1	3	0	0	3	0	3	1	2	2	3	2
1240	4	3	2	1	3	5	3	2	3	0	3	1	2	2	5
1243	2	0	0	2	4	0	0	2	2	2	0	2	0	3	4
1246	5	5	5	3	3	3	4	4	4	4	4	4	4	4	4
1248	3	2	5	5	4	3	4	5	2	5	3	2	3	2	3
1250	3	3	2	3	4	2	1	2	4	2	1	1	3	4	2
1252	4	3	2	2	3	5	3	3	3	2	1	2	3	2	5
1254	3	4	4	4	5	3	4	4	5	1	4	2	4	1	3
1256	2	5	5	5	5	2	3	3	2	3	3	3	1	0	3
1257	4	4	3	3	2	5	3	5	4	5	2	0	3	4	3
1262	4	3	4	4	3	4	4	3	4	3	3	3	3	3	4
1267	5	3	3	3	3	4	3	4	4	3	3	3	4	3	4
1275	4	3	3	4	2	2	4	2	4	1	2	3	4	4	2
1276	5	5	5	5	5	5	5	5	5	5	5	5	5	5	5
1277	5	1	2	2	3	2	0	2	5	2	0	0	5	2	3
1280	5	2	5	3	2	3	2	5	5	3	0	0	5	3	3
1282	4	1	4	4	1	3	3	3	4	3	1	1	4	4	3
1291	5	3	1	3	3	4	4	4	3	2	3	3	4	4	3
1294	4	2	4	4	3	4	3	4	2	4	5	4	4	2	4
1296	5	3	5	5	1	3	3	3	3	5	3	1	5	4	5
1297	3	2	2	2	3	4	3	2	3	4	3	3	3	2	3
1300	4	3	2	3	2	3	1	1	2	2	1	1	4	3	4
1305	4	3	1	3	4	1	3	4	3	2	3	3	0	2	4
1306	3	3	3	3	3	3	3	3	3	3	3	3	3	3	3
1312	5	0	3	3	0	3	3	3	0	3	3	3	5	5	3
1314	3	3	3	3	3	3	3	3	3	3	3	3	3	3	3
1318	4	4	4	3	4	3	5	2	2	2	5	5	3	2	2
1319	0	2	3	0	2	2	2	2	2	2	2	2	2	2	2
1320	2	3	3	3	3	2	3	3	3	3	2	3	3	3	0
1324	4	1	4	1	4	4	1	4	4	2	1	1	4	4	4
1327	4	2	3	3	3	3	2	3	4	2	3	1	3	2	2
1329	4	3	2	2	2	4	2	2	3	2	2	2	4	2	3
1331	4	4	5	5	4	5	3	3	3	5	3	1	4	4	5
1335	2	3	3	3	3	3	0	2	2	2	2	2	2	4	2
1342	3	3	3	3	3	3	3	3	3	3	3	3	3	3	3
1346	4	3	3	3	2	3	2	3	4	2	2	3	4	3	3
1347	5	0	5	4	1	5	3	4	5	5	0	3	5	5	4
1348	5	0	5	5	0	5	3	5	5	5	0	3	5	5	5
1353	3	2	3	2	2	5	5	0	3	2	3	3	3	3	3
1354	1	4	3	2	4	2	3	2	1	4	3	2	1	3	4
1358	4	1	4	4	1	0	1	1	4	2	0	0	2	4	2
1363	4	0	3	3	0	5	4	3	4	2	3	2	4	5	5
1365	4	2	2	2	2	3	2	2	3	2	2	2	3	3	2
1367	4	2	2	2	2	2	4	4	4	0	0	0	2	2	2
1369	3	1	3	3	2	3	3	3	3	3	3	2	2	3	3
1371	3	3	2	3	3	2	2	3	4	1	2	3	4	3	2
1372	5	1	4	4	1	4	1	4	3	4	1	2	4	5	4
1384	5	3	3	3	3	5	0	3	3	3	1	3	3	1	5
1388	3	3	3	0	5	5	2	3	3	2	4	2	3	2	3
1390	3	2	3	3	3	3	3	3	4	3	1	1	3	3	3
1396	5	2	3	4	2	5	2	1	4	1	1	2	4	3	3
1400	2	2	3	4	4	3	1	1	2	3	2	2	3	2	3
1401	3	2	5	3	2	5	3	3	4	3	4	3	5	5	5
1408	1	4	2	2	3	2	3	2	0	2	5	4	1	2	3
1409	2	3	3	2	3	3	5	3	3	3	3	3	3	3	3
1415	4	3	2	1	3	2	5	4	1	2	3	3	4	5	1
1416	4	1	4	4	1	5	3	3	3	4	0	0	4	4	4
1428	1	2	5	2	1	2	2	2	2	2	2	2	3	3	3
1430	5	5	5	5	5	5	0	5	5	5	0	0	5	0	5
1433	5	2	3	3	2	5	0	3	5	4	0	1	4	4	4
1434	5	1	3	2	2	3	1	4	3	2	0	0	5	2	3
1438	4	2	2	4	1	4	4	3	4	4	3	1	4	3	3
1439	3	0	2	2	2	3	0	3	3	1	0	0	3	3	2
1440	5	3	5	3	3	5	2	5	5	3	2	2	5	5	5
1443	2	3	2	1	4	2	3	2	1	1	3	3	1	1	2
1445	5	0	2	2	0	5	2	2	5	0	1	0	3	5	5
1458	4	0	4	4	0	3	3	5	3	5	1	0	4	5	5
1460	5	3	2	4	3	5	2	3	3	3	2	2	3	2	3
1464	4	1	3	4	1	3	1	3	3	3	3	3	4	4	3
1469	4	2	3	3	3	3	2	4	4	3	1	1	4	4	4
1470	0	1	4	3	2	3	0	3	5	3	0	0	5	3	3
1471	2	2	3	2	2	2	2	2	2	2	2	2	2	3	2
1473	5	0	5	5	0	5	5	5	5	4	1	1	5	5	5
1478	4	0	3	3	3	1	3	3	4	1	2	2	4	4	3
1479	1	5	1	1	1	3	3	3	0	1	3	3	1	3	3
1482	5	1	3	3	1	3	2	4	4	3	1	2	5	4	3
1483	3	2	3	3	3	3	2	3	3	2	1	1	3	4	5
1484	2	3	5	3	3	1	3	2	3	3	3	3	2	3	3
1485	3	2	3	3	3	2	3	2	2	3	3	3	3	3	2
1489	5	1	3	1	3	5	3	5	3	3	3	3	5	3	3
1492	4	2	2	0	2	2	1	2	4	2	2	2	4	4	3
1493	3	1	3	3	3	3	0	3	3	1	0	0	3	2	3
1495	3	2	3	2	2	2	2	2	3	3	2	3	3	3	3
1496	4	2	4	2	0	2	0	2	4	0	1	1	4	4	2
1500	5	0	5	3	5	4	0	4	2	5	0	0	4	5	5
1504	5	0	4	3	0	3	2	4	5	3	2	2	3	5	5
1515	2	3	2	2	3	3	2	3	3	2	2	2	2	2	3
1516	4	3	3	3	1	3	1	3	1	1	2	2	3	3	2
1519	4	3	1	2	4	3	3	2	1	0	3	4	3	0	3
1520	4	1	1	4	4	4	0	4	4	3	1	1	4	4	4
1522	0	4	5	5	5	5	3	1	5	3	5	5	5	3	5
1526	5	0	5	3	1	4	1	4	5	3	1	3	5	4	4
1527	3	3	4	4	5	3	1	3	4	4	2	4	4	2	4
1528	3	2	2	3	2	2	3	3	3	3	2	2	3	3	3
1529	4	3	3	3	3	3	2	3	3	1	4	4	3	4	4
1531	0	0	1	1	2	2	1	2	4	1	0	0	3	1	3
1534	3	2	3	1	3	5	1	5	5	2	2	0	3	2	5
1540	2	3	5	3	3	3	5	3	0	4	3	3	0	2	3
1541	4	0	4	2	1	3	3	4	4	2	3	3	4	4	4
1542	2	2	4	4	2	2	2	2	2	4	2	2	2	4	2
1548	4	0	4	2	2	4	4	4	4	2	2	2	4	4	4
1549	4	2	0	2	1	3	4	1	4	3	5	4	5	4	5
1555	5	4	2	0	2	4	4	4	4	1	2	0	5	3	5
1568	3	0	4	4	1	3	3	5	2	3	2	1	1	0	3
1570	4	5	0	0	5	5	5	1	0	0	5	5	1	0	5
1571	5	0	5	3	0	5	1	4	4	3	1	1	4	4	3
1573	3	2	2	3	3	4	1	2	3	2	2	2	3	2	2
1574	3	2	2	2	2	3	2	3	4	2	1	2	3	3	3
1579	5	3	5	4	3	3	3	4	5	3	5	4	5	5	4
1581	4	2	4	4	1	5	3	5	5	5	2	3	5	5	5
1585	3	2	5	3	2	5	0	5	5	5	2	0	5	5	5
1589	4	3	3	3	5	0	3	3	4	2	3	3	3	2	3
1595	5	0	5	5	3	5	3	5	5	5	1	3	5	5	5
1597	1	2	3	3	3	4	1	3	3	3	1	3	3	3	3
1603	3	3	3	3	3	3	3	3	3	3	3	3	3	3	3
1604	4	2	3	2	3	4	3	2	3	2	3	2	4	2	3
1605	5	2	5	5	3	3	1	5	3	3	3	0	4	4	5
1617	4	4	4	4	4	4	4	4	4	4	4	4	4	4	4
1619	4	5	5	5	4	5	5	4	5	5	5	5	5	4	4
1625	4	5	5	5	5	5	4	4	5	5	5	5	4	4	5
1629	4	4	4	3	4	4	4	3	4	4	4	4	4	4	4
1630	3	3	3	3	3	3	3	3	3	3	3	3	3	3	3
1631	5	5	5	5	5	5	5	5	5	5	5	5	5	5	5
1633	3	3	3	3	3	3	3	3	3	3	3	3	3	3	3
1634	4	4	4	3	4	4	4	3	4	4	4	4	4	4	4
1635	2	2	2	2	2	2	2	2	2	2	2	2	2	2	2
1636	3	3	3	3	3	3	3	3	3	3	3	3	3	3	3
1638	3	3	3	3	3	3	3	3	3	3	3	3	3	3	3
1639	1	1	1	1	1	1	1	1	1	1	1	1	1	1	1
1643	4	4	4	3	4	4	4	3	4	4	4	4	4	4	4
1646	4	4	4	4	4	4	4	4	4	4	4	4	4	4	4
1648	3	2	3	3	2	3	3	3	3	3	3	3	3	3	3
1649	1	1	1	1	1	1	1	1	1	1	1	1	1	1	1
1654	1	1	1	1	1	1	1	1	1	1	1	1	1	1	1
1658	4	4	4	4	4	4	4	4	4	4	4	4	4	4	4
1661	4	4	4	4	4	4	4	4	4	4	4	4	4	4	4
1663	0	0	0	0	0	0	0	0	0	0	0	0	0	0	0
1664	4	4	4	4	4	4	4	4	4	4	4	4	4	4	4
1668	4	4	4	4	4	4	4	4	4	4	4	4	4	4	4
1669	4	4	4	3	4	4	4	3	4	4	4	4	4	4	4
1673	4	4	4	4	4	4	4	4	4	4	4	4	4	4	4
1676	1	1	1	1	1	1	1	1	1	1	1	1	1	1	1
1678	4	4	4	4	4	4	4	4	4	4	4	4	4	4	4
1679	5	5	5	5	5	5	5	5	5	5	5	5	5	5	5
1680	4	4	4	4	4	4	4	4	4	4	4	4	4	4	4
1682	1	1	1	1	1	1	1	1	1	1	1	1	1	1	1
1683	2	2	2	2	2	2	2	2	2	2	2	2	2	2	2
1685	4	4	4	4	4	4	4	4	4	4	4	4	4	4	4
1686	4	4	4	3	4	4	4	3	4	4	4	4	4	4	4
1687	1	1	0	1	1	0	1	0	1	1	1	1	1	1	0
1692	4	4	4	4	4	4	4	4	4	4	4	4	4	4	4
1693	0	0	1	1	0	1	0	1	0	0	1	0	0	1	0
1695	1	1	1	1	1	1	1	1	1	1	1	1	1	1	1
1696	4	4	4	4	4	4	4	4	4	4	4	4	4	4	4
1698	4	4	4	3	4	4	4	3	4	4	4	4	4	4	4
1699	1	1	1	1	1	1	1	1	1	1	1	1	1	1	1
1704	4	4	4	4	4	4	4	4	4	4	4	4	4	4	4
1705	1	1	1	1	1	1	1	1	1	1	1	1	1	1	1
1707	1	1	1	1	1	1	1	1	1	1	1	1	1	1	1
1715	4	4	4	3	4	4	4	3	4	4	4	4	4	4	4
1719	1	3	3	3	3	4	3	4	3	2	3	3	4	2	3
1722	4	4	4	3	4	4	4	3	4	4	4	4	4	4	4
1733	3	3	3	3	3	3	3	3	3	3	3	3	3	3	3
1734	4	4	4	3	4	4	4	3	4	4	4	4	4	4	4
1749	3	2	3	3	2	3	3	3	3	3	3	3	3	3	3
1751	3	3	3	3	3	3	3	3	3	3	3	3	3	3	3
1753	3	3	3	3	3	3	3	3	3	3	3	3	3	3	3
1755	0	1	0	0	1	0	1	0	0	0	1	0	0	0	1
1757	2	2	2	2	2	2	2	2	2	2	2	2	2	2	2
1758	4	4	4	4	4	4	4	4	4	4	4	4	4	4	4
1759	4	4	4	4	4	4	4	4	4	4	4	4	4	4	4
1761	4	4	4	4	4	4	4	4	4	4	4	4	4	4	4
1768	4	0	5	5	0	2	3	3	5	3	2	0	5	3	3
1772	5	2	5	5	3	4	0	4	4	5	1	1	5	5	5
1773	0	3	2	3	5	2	3	3	5	4	5	2	5	3	4
1774	4	3	3	1	3	2	3	4	3	2	5	3	3	2	3
1781	5	1	3	3	3	3	2	2	2	2	4	2	3	3	3
1782	4	2	2	3	2	2	1	3	3	2	2	1	2	3	4
1785	4	2	4	4	2	4	4	4	2	4	2	2	4	4	4
1787	1	1	4	4	4	4	3	3	1	1	1	1	1	1	1
1792	4	4	2	2	4	4	2	4	2	0	2	4	4	2	5
1794	4	2	3	5	2	3	3	3	3	3	2	2	5	5	3
1796	2	0	2	2	0	2	4	2	4	1	4	4	5	5	2
1799	4	3	2	2	3	2	3	2	4	2	3	3	3	2	2
1802	3	3	3	3	3	3	2	3	2	3	2	2	2	2	4
1806	4	4	3	2	2	3	1	3	4	2	0	0	4	5	3
1810	4	3	3	3	4	3	3	2	4	3	4	3	4	3	3
1816	2	2	2	2	2	2	2	2	3	2	2	2	2	2	2
1819	3	4	3	2	2	3	3	2	1	3	2	2	1	2	4
1821	1	2	3	2	4	0	4	1	4	3	4	5	2	3	3
1822	4	0	3	5	1	4	0	3	2	2	0	3	3	4	1
1823	3	2	3	3	2	5	3	3	2	3	5	3	2	3	3
1824	4	1	2	4	5	4	5	4	3	1	5	5	1	3	5
1827	4	4	4	4	3	3	4	4	4	4	4	4	4	4	4
1828	3	0	0	0	0	2	0	0	1	0	1	1	1	0	1
1834	4	3	3	2	5	3	3	3	3	3	3	3	3	1	3
1836	2	2	2	2	2	2	2	2	2	2	2	2	2	2	2
1838	5	5	5	5	5	5	5	5	5	5	5	5	5	5	5
1841	2	1	3	0	1	1	3	1	1	3	3	3	3	3	3
1843	5	5	3	5	4	3	5	4	3	5	5	3	5	3	5
1848	4	2	4	2	2	2	2	4	4	2	2	4	2	3	3
1851	4	2	2	2	5	3	2	3	0	2	2	2	2	2	2
1852	4	2	2	4	2	4	4	4	4	4	3	4	4	1	4
1853	4	0	2	2	4	2	3	3	2	2	3	2	4	4	4
1855	0	0	0	0	0	0	0	0	0	0	0	0	0	0	0
1856	2	2	3	3	2	2	2	3	3	3	3	1	3	4	2
1857	2	2	2	0	5	2	2	2	4	2	2	2	4	2	3
1863	0	0	0	0	2	0	4	4	1	3	3	3	3	1	5
1865	4	4	4	2	4	5	3	4	4	3	3	3	4	3	4
1870	0	2	4	5	1	2	4	5	2	5	0	3	1	5	5
1875	2	0	3	3	2	5	3	2	2	5	0	0	2	1	5
1881	4	4	4	4	4	5	5	3	3	4	4	5	4	2	5
1884	5	5	5	5	3	5	5	3	5	5	5	5	5	2	4
1887	2	3	3	3	2	4	4	3	3	2	3	3	3	2	4
1888	3	1	3	3	3	1	3	3	3	3	3	3	3	3	3
1890	3	4	3	3	4	4	4	3	3	3	4	4	2	1	3
1892	2	2	1	0	3	3	3	3	5	0	2	2	2	3	3
1893	4	3	1	4	4	4	3	3	4	3	0	3	2	2	4
1895	5	5	5	5	5	5	2	5	5	5	3	3	5	3	5
1899	5	3	0	0	2	5	5	5	3	0	5	5	5	3	3
1900	3	2	4	5	2	0	0	0	5	5	5	3	5	5	5
1901	4	2	5	3	0	5	0	5	3	3	0	0	5	5	5
1903	4	4	2	2	5	4	0	4	3	1	3	3	5	3	5
1906	4	4	2	2	2	4	5	3	4	2	5	5	4	4	2
1908	4	1	3	2	2	3	1	4	4	2	3	1	3	4	4
1917	4	3	3	3	1	2	4	3	4	3	2	2	4	4	3
1919	4	1	4	1	3	3	3	4	3	1	1	1	1	4	3
1923	0	1	1	0	0	0	1	5	5	2	5	0	5	5	4
1928	4	2	4	5	2	4	3	4	4	4	1	3	4	4	4
1930	4	4	5	5	5	5	5	5	3	5	5	5	4	4	5
1931	4	3	3	3	3	5	3	3	1	3	2	3	2	3	3
1932	4	3	2	2	3	4	1	3	5	1	1	3	4	3	3
1935	4	1	4	3	0	0	3	3	3	2	2	2	4	4	2
1942	2	0	1	0	1	4	3	0	4	0	5	3	3	4	5
1943	5	5	0	0	5	3	0	3	5	0	3	0	5	0	3
1944	4	4	1	1	4	1	4	1	1	1	4	4	4	1	1
1946	4	0	5	0	0	5	3	5	3	4	0	0	5	5	5
1955	1	3	1	1	3	2	1	3	3	2	3	0	3	2	3
1958	3	3	3	3	3	5	5	5	5	5	5	1	3	3	3
1959	4	0	5	5	0	3	4	4	5	4	0	1	5	0	3
1968	3	4	2	3	4	3	4	3	3	2	4	4	3	3	4
1969	5	0	5	3	1	2	3	5	3	3	5	2	5	5	5
1970	2	3	2	3	3	3	3	3	3	2	3	3	2	2	3
1974	3	3	3	3	5	5	3	3	3	2	5	3	5	2	3
1975	3	3	2	2	3	4	3	4	4	3	3	3	3	3	3
1976	5	0	3	3	3	3	3	3	3	3	3	3	3	5	3
1981	1	4	5	5	1	4	0	4	1	5	1	0	1	4	4
1982	3	0	4	5	5	4	4	3	4	4	5	5	4	0	4
1984	3	1	3	5	2	3	5	3	3	3	3	3	2	3	3
1986	1	3	3	3	3	5	3	3	2	3	3	3	5	3	3
1989	4	3	3	3	5	5	4	3	1	3	4	4	2	2	4
1994	4	2	3	3	2	2	1	2	3	2	3	2	3	3	2
1996	4	2	3	0	4	3	5	3	3	1	3	2	4	3	3
1997	4	4	3	4	4	2	4	2	4	2	1	4	4	2	2
1998	4	4	1	3	3	5	3	4	4	3	3	1	4	2	3
2000	5	2	0	4	2	5	5	4	4	2	3	3	5	2	4
2006	5	1	4	3	3	3	2	4	4	3	3	3	4	5	4
2017	4	2	5	4	2	1	4	4	2	4	2	2	2	0	2
2021	1	1	1	0	1	1	3	3	1	0	3	3	3	3	1
2026	5	5	3	3	3	3	3	3	5	3	3	4	3	3	2
2027	4	1	4	3	1	4	3	4	3	2	4	5	1	4	4
2033	4	2	3	3	3	3	1	3	0	3	2	0	1	4	4
2035	3	2	2	2	3	4	2	1	3	5	2	1	4	2	1
2036	5	5	5	5	0	3	3	3	5	4	5	4	5	5	5
2038	2	2	2	2	2	2	4	2	2	2	2	2	2	3	2
2039	2	3	4	5	3	3	3	2	2	3	3	2	3	3	4
2041	4	1	4	4	0	2	4	4	4	4	2	3	4	3	4
2047	5	1	5	5	3	3	5	3	5	5	5	3	5	1	5
2048	4	1	4	4	4	1	5	2	4	3	5	3	3	4	3
2049	5	1	5	3	1	3	0	5	5	5	2	2	3	5	5
2052	4	3	4	3	3	2	1	1	3	1	1	2	3	0	1
2055	4	1	2	2	3	2	3	2	4	2	1	1	4	3	3
2056	4	3	3	4	4	4	3	3	4	3	3	3	3	2	5
2059	5	0	3	5	2	3	3	3	3	3	3	3	3	3	3
2060	4	2	4	3	2	3	0	2	4	1	0	1	4	3	3
2061	2	3	1	2	3	3	3	4	3	2	3	3	2	3	2
2062	3	2	2	2	2	2	3	2	3	2	3	3	3	3	2
2063	5	5	0	0	5	0	5	2	5	0	5	5	5	0	5
2065	3	1	3	3	2	1	3	2	4	1	3	3	4	3	2
2068	4	5	0	3	5	3	2	2	5	3	2	3	4	1	2
2070	0	0	0	3	4	5	2	4	4	4	4	4	5	5	5
2072	3	3	3	2	2	4	2	1	3	0	0	1	2	0	1
2073	4	4	2	2	4	3	4	2	4	2	4	4	4	2	2
2074	4	3	2	2	2	2	2	2	2	2	2	2	2	2	2
2075	3	4	2	2	0	5	3	3	3	2	3	3	3	1	4
2076	3	4	3	3	4	3	4	2	3	3	4	4	4	2	2
2081	4	2	3	3	5	3	1	3	3	0	0	0	3	5	4
2082	4	3	1	1	1	2	3	3	3	2	3	3	2	3	2
2083	0	0	2	0	2	3	2	2	3	4	0	0	4	2	4
2085	5	5	5	5	5	5	5	5	5	5	5	5	5	5	5
2088	4	4	2	2	4	5	2	5	5	3	3	3	5	4	5
2089	3	2	4	3	3	4	4	3	4	3	2	2	3	3	4
2094	5	2	4	4	2	4	1	4	4	3	2	2	5	5	4
2100	3	4	1	1	5	2	3	2	3	1	3	3	3	1	3
2101	3	3	3	3	3	3	3	5	3	3	3	3	3	3	3
2103	4	0	4	3	1	2	4	4	4	4	2	2	4	4	4
2105	5	4	4	4	3	5	2	4	5	3	2	3	5	4	3
2109	5	3	0	0	5	5	5	5	5	0	5	0	5	3	3
2122	3	1	3	5	0	4	0	3	3	3	2	0	3	5	3
2125	4	0	3	3	3	0	4	0	2	3	4	3	4	4	2
2128	2	2	5	5	2	0	3	2	2	2	5	5	2	3	3
2132	4	1	4	4	0	5	3	4	5	3	3	4	5	4	4
2133	4	4	2	2	5	4	5	2	3	2	5	5	3	0	3
2135	3	2	3	4	2	3	2	3	3	3	2	1	1	3	4
2139	4	2	2	2	2	2	5	5	5	0	3	3	5	5	5
2141	3	3	2	2	3	2	3	2	3	3	3	3	3	2	2
2142	2	3	0	2	2	2	3	2	0	2	4	2	2	2	2
2143	4	1	3	4	2	3	2	5	4	4	1	1	4	5	5
2145	3	3	3	3	3	4	2	3	3	2	3	3	3	3	3
2146	5	2	0	3	4	5	0	2	5	0	0	0	5	2	5
2150	4	3	5	4	3	4	0	4	4	3	0	0	5	3	4
2152	4	2	3	3	2	3	2	2	3	3	3	1	3	3	3
2156	3	3	2	3	3	2	3	2	3	2	3	3	5	2	2
2158	4	3	2	3	0	0	4	1	3	2	3	3	3	4	3
2160	4	3	4	5	3	3	2	3	5	5	1	0	5	5	5
2165	4	2	3	3	2	4	1	3	3	3	3	2	4	4	4
2168	2	2	3	4	3	3	2	3	3	2	3	3	2	3	3
2169	3	2	2	2	2	3	3	3	2	2	3	3	3	3	3
2173	4	4	2	1	3	3	1	3	1	0	3	2	3	2	4
2174	5	0	5	3	0	5	5	3	5	3	4	4	5	5	3
2180	3	1	2	1	0	4	3	2	2	0	5	5	3	5	3
2182	4	2	2	2	1	4	2	4	2	4	2	2	2	2	4
2191	4	2	2	2	2	3	2	3	3	2	2	0	2	3	4
2192	2	3	2	3	2	3	5	3	2	3	3	5	1	1	3
2193	5	1	5	5	1	5	1	5	5	5	1	1	5	5	5
2196	4	2	3	2	2	3	3	3	4	3	3	3	4	3	3
2197	4	3	4	4	2	4	3	4	3	3	3	2	4	3	4
2198	2	2	0	2	0	2	2	2	4	4	4	2	2	2	0
2199	4	4	5	4	4	4	4	3	4	5	4	4	4	4	5
2200	4	3	3	3	3	2	3	3	4	2	3	3	4	3	2
2201	4	1	3	3	2	5	2	4	4	3	2	4	4	3	3
2205	3	3	5	3	3	5	0	5	2	5	0	0	3	2	5
2207	2	2	4	3	3	3	1	3	3	3	2	2	3	3	3
2209	4	2	2	4	3	2	2	4	4	4	0	0	4	4	4
2214	4	2	2	2	4	2	3	2	2	2	3	3	3	2	3
2217	3	2	4	3	2	4	1	4	3	4	2	2	4	3	5
2219	5	5	4	3	5	4	4	4	5	5	4	4	5	0	5
2220	2	3	4	4	3	4	4	3	4	4	3	3	3	3	2
2224	3	2	3	3	2	3	2	3	2	3	2	2	2	3	3
2231	5	5	5	5	0	5	1	3	3	3	1	3	3	3	3
2235	4	1	4	4	1	4	1	4	4	4	1	1	4	4	4
2237	4	1	4	4	1	4	1	4	4	4	1	1	4	4	4
2239	4	1	4	4	1	4	1	4	4	4	1	1	4	4	4
2244	3	3	3	3	3	3	3	3	3	3	3	3	3	3	3
2248	0	1	0	0	0	0	1	0	1	0	1	0	0	0	0
2253	3	3	3	3	3	3	3	3	3	3	3	3	3	3	3
2255	3	3	3	3	3	3	1	3	3	3	1	1	3	1	3
2258	3	2	3	3	4	3	2	3	2	2	3	3	3	3	3
2261	5	4	5	5	4	5	5	5	5	5	5	5	5	4	5
2262	5	5	5	5	5	5	5	5	5	5	5	5	5	5	5
2264	1	1	1	1	1	1	1	1	1	1	1	1	1	1	1
2265	5	4	5	5	5	5	4	4	5	4	5	5	5	4	5
2267	4	4	4	4	4	4	4	4	4	4	4	4	4	4	5
2276	4	4	4	3	4	4	4	3	4	4	4	4	4	4	4
2277	5	5	5	5	5	5	5	5	5	5	5	5	5	5	5
2278	5	5	5	5	5	5	5	5	5	5	5	5	5	5	5
2285	3	3	3	3	4	4	4	4	4	3	1	1	4	2	3
2293	4	4	4	3	4	4	4	3	4	4	4	4	4	4	4
2294	3	3	3	3	3	3	3	3	3	3	3	3	3	3	3
2298	3	3	3	3	3	3	3	3	3	3	3	3	3	3	3
2300	4	4	4	4	4	4	4	4	4	4	4	4	4	4	4
2301	0	1	0	1	0	1	0	1	0	1	0	1	0	0	0
2305	3	3	3	3	3	3	3	3	3	3	3	3	3	3	3
2309	1	1	1	1	1	1	1	1	1	1	1	1	1	1	1
2310	3	3	3	3	3	3	3	3	3	3	3	3	3	3	3
2311	3	2	3	3	2	3	3	3	3	3	3	3	3	3	3
2317	3	3	3	3	3	3	3	3	3	3	3	3	3	3	3
2318	5	5	5	5	5	5	5	5	5	5	5	5	5	5	5
2319	3	1	3	3	1	3	1	3	3	3	1	1	3	4	5
2323	2	3	2	4	3	2	2	3	2	4	3	3	2	2	3
2324	4	4	4	4	4	4	4	4	4	4	4	4	4	4	4
2326	0	0	0	0	0	0	0	0	0	0	0	0	0	0	0
2327	4	4	4	4	4	4	4	4	4	4	4	4	4	4	4
2331	0	0	0	0	0	0	0	0	0	0	0	0	0	0	0
2336	3	3	3	3	3	3	3	3	3	3	3	3	3	3	3
2343	3	3	3	3	3	3	3	3	3	3	3	3	3	3	3
2348	3	3	3	3	3	3	3	3	3	3	3	3	3	3	3
2349	3	3	3	3	3	3	3	3	3	3	3	3	3	3	3
2351	4	4	4	4	4	4	4	4	4	4	4	4	4	4	4
2352	3	2	3	3	2	3	3	3	3	3	3	3	3	3	3
2361	5	2	3	5	2	3	5	3	3	3	2	5	2	3	5
2363	1	1	1	0	1	0	1	0	1	1	0	1	0	1	0
2368	3	3	3	3	3	3	3	3	3	3	3	3	3	3	3
2376	0	1	0	0	0	0	0	0	0	1	1	1	0	0	0
2383	3	5	2	1	3	3	5	1	5	5	5	3	1	5	5
2385	5	5	5	5	5	5	5	5	5	5	5	5	5	5	5
2386	3	3	3	3	3	3	3	3	3	3	3	3	3	3	3
2388	4	4	4	3	4	4	4	3	4	4	4	4	4	4	4
2391	3	3	3	3	3	3	3	3	3	3	3	3	3	3	3
2392	3	3	3	3	3	3	3	3	3	3	3	3	3	3	3
2393	4	4	4	4	4	5	4	5	4	4	4	4	5	4	5
2395	3	1	3	3	1	3	0	3	3	3	1	1	3	4	4
2400	3	3	3	3	3	3	3	3	3	3	3	3	3	3	3
2402	4	4	4	3	4	4	4	3	4	4	4	4	4	4	4
2406	5	4	5	5	5	5	4	5	5	4	4	5	5	5	4
2413	3	3	3	3	3	3	3	3	3	3	3	3	3	3	3
2421	3	2	3	3	2	3	3	3	3	3	3	3	3	3	3
2425	3	3	3	3	3	3	3	3	3	3	3	3	3	3	3
2427	3	3	3	3	3	3	3	3	3	3	3	3	3	3	3
2430	1	0	1	0	1	0	0	1	0	1	0	1	0	1	0
2432	3	3	3	3	3	3	3	3	3	3	3	3	3	3	3
2433	3	2	3	3	2	3	3	3	3	3	3	3	3	3	3
2435	3	3	3	3	3	3	3	3	3	3	3	3	3	3	3
2444	3	3	3	3	3	3	3	3	3	3	3	3	4	3	3
2445	0	2	0	2	0	2	0	2	2	0	2	2	0	0	0
2449	3	2	3	3	2	3	3	3	3	3	3	3	3	3	3
2450	0	0	0	0	0	0	0	0	0	0	0	0	0	0	0
2453	4	4	4	4	4	4	4	4	4	4	4	4	4	4	4
2454	5	5	5	5	5	5	5	5	5	5	5	5	5	5	5
2455	3	3	3	3	3	3	3	3	3	3	3	3	3	3	3
2457	2	1	3	1	4	5	4	3	3	3	2	5	4	0	5
2458	4	4	4	3	4	4	4	3	4	4	4	4	4	4	4
2459	1	0	1	1	0	1	1	0	1	1	0	1	1	0	1
2462	3	3	3	3	3	3	3	3	3	3	3	3	3	3	3
2471	0	2	0	2	0	2	0	2	0	2	0	0	0	2	2
2473	3	3	3	3	3	3	3	3	3	3	3	3	3	3	3
2476	3	2	3	3	2	3	3	3	3	3	3	3	3	3	3
2479	1	1	2	0	1	1	1	0	2	1	1	1	2	0	1
2481	2	2	2	2	2	2	2	2	2	2	2	2	2	2	2
2483	4	4	4	3	4	4	4	3	4	4	4	4	4	4	4
2485	4	4	4	4	4	4	4	4	4	4	4	4	4	4	4
2489	2	2	2	2	2	2	2	2	2	2	2	2	2	2	2
2490	3	3	3	3	3	3	3	3	3	3	3	3	3	3	3
2491	3	3	3	3	3	3	3	3	3	3	3	3	3	3	3
2497	0	2	0	2	0	2	0	2	0	0	2	2	0	2	0
2507	3	5	5	3	5	5	3	5	5	3	3	5	3	5	5
2509	3	3	3	3	3	3	3	3	3	3	3	3	3	3	3
2510	0	0	1	0	0	0	0	0	1	0	0	0	2	0	0
2511	0	2	4	0	2	4	0	2	4	0	2	4	0	2	4
2512	3	1	3	3	1	3	1	3	3	3	1	1	3	3	3
2515	4	2	2	2	3	2	2	2	4	2	2	2	4	2	2
2518	3	3	3	3	3	3	3	3	3	3	3	3	3	3	3
2520	4	4	4	4	4	4	4	4	4	4	4	4	4	4	4
2521	0	1	0	0	1	1	1	0	1	1	0	1	0	1	1
2523	3	3	3	3	3	3	3	3	3	3	3	3	3	3	3
2524	1	0	0	0	1	0	1	0	1	1	0	1	2	0	1
2532	4	4	4	4	4	4	4	4	4	4	4	4	4	4	4
2533	3	3	3	3	3	3	3	3	3	3	3	3	3	3	3
2535	4	3	4	2	3	4	2	4	4	3	2	2	4	3	4
2537	2	2	2	2	2	2	2	2	2	2	2	2	2	2	2
2541	1	0	1	0	1	1	1	0	1	1	0	1	1	0	1
2542	3	3	3	3	3	3	3	3	3	3	3	3	3	3	3
2544	3	3	3	3	3	3	3	3	3	3	3	3	3	3	3
2550	4	2	3	4	2	3	3	4	4	3	3	3	4	3	3
2553	4	4	4	4	4	4	4	4	4	4	4	4	4	4	4
2555	3	2	5	2	3	3	3	1	4	4	5	3	2	3	2
2556	4	4	4	4	4	4	4	4	4	4	4	4	4	4	4
2557	0	0	0	0	0	0	0	0	0	0	0	0	0	0	0
2558	3	2	0	3	3	3	2	3	3	2	3	2	3	3	3
2559	3	3	2	3	3	3	3	3	3	3	3	3	3	3	3
2565	5	0	2	0	0	5	0	5	5	2	0	0	5	5	5
2567	3	3	3	3	3	3	3	3	3	3	3	3	3	3	3
2568	4	0	5	5	0	0	0	4	4	5	0	0	4	5	4
2570	3	5	4	5	4	3	3	4	5	5	4	4	5	4	4
2571	2	2	2	2	2	2	2	2	2	2	2	2	2	2	2
2572	2	2	2	3	3	1	4	3	1	3	3	3	2	3	3
2574	3	3	3	3	3	3	3	3	3	3	3	3	3	3	3
2581	4	4	4	4	4	4	4	4	4	4	4	4	4	4	4
2582	3	3	3	3	3	3	3	3	3	3	3	3	3	3	3
2586	4	3	3	2	3	3	2	3	2	2	2	2	3	3	3
2588	4	3	3	1	5	3	5	3	4	0	3	3	5	3	3
2594	4	1	3	3	2	3	2	4	4	2	2	2	4	4	3
2598	3	3	0	0	3	3	3	3	3	0	3	3	3	0	3
2602	4	5	0	0	5	5	3	5	5	0	3	3	4	2	3
2604	5	3	1	2	2	3	2	5	5	2	2	1	5	3	3
2605	4	4	1	1	4	2	1	2	4	1	1	1	4	1	1
2610	4	0	3	3	1	3	1	3	4	3	0	0	4	3	3
2611	5	0	0	5	0	5	0	5	5	0	0	0	5	5	5
2612	5	2	4	3	1	4	5	1	4	5	1	0	3	1	4
2613	3	3	3	3	3	3	3	3	3	3	3	3	3	3	3
2614	5	0	2	0	0	5	0	5	5	2	0	0	5	5	5
2617	4	4	4	4	4	4	4	4	4	4	1	1	4	4	4
2618	4	2	3	3	3	3	5	3	3	2	3	3	3	3	3
2619	4	4	4	3	3	4	4	3	3	4	4	3	4	4	3
2625	2	5	1	1	5	4	3	1	3	3	3	0	3	0	3
2632	3	2	3	3	2	3	0	2	3	2	3	3	3	3	3
2640	3	2	2	2	1	2	3	1	2	2	3	3	2	2	2
2657	2	1	4	4	2	4	1	4	2	4	2	2	2	4	4
2660	3	3	3	3	3	3	3	3	3	3	3	3	3	3	3
2661	3	1	2	4	3	2	2	3	2	2	3	2	0	2	4
2662	3	3	3	3	4	3	3	3	4	2	4	4	5	1	3
2667	5	3	3	4	3	3	3	3	4	4	1	4	4	4	4
2671	5	1	3	3	3	4	1	5	5	2	2	2	5	3	4
2673	5	2	4	2	2	3	2	3	3	4	2	2	3	3	3
2675	3	2	3	3	2	3	3	3	3	3	2	2	3	3	3
2677	5	1	3	3	2	4	2	3	5	3	2	2	5	3	3
2680	4	3	1	0	4	3	3	3	4	0	3	3	4	3	2
2681	4	2	3	3	2	4	1	3	4	3	2	2	3	3	3
2685	4	4	1	1	4	3	3	4	4	3	3	3	4	1	3
2689	3	3	3	3	3	3	3	3	3	3	3	3	3	3	3
2690	3	3	3	3	3	3	3	3	3	3	3	3	3	3	3
2693	5	1	3	3	1	3	0	4	4	2	1	1	4	3	4
2695	3	3	3	3	3	3	3	3	3	3	3	3	3	3	3
2698	2	2	2	2	2	2	2	2	2	2	2	2	2	2	2
2701	5	1	4	3	1	3	4	5	3	2	1	0	3	3	5
2704	3	2	2	1	3	3	3	3	3	1	3	1	1	3	4
2707	4	1	4	1	1	4	1	4	4	1	1	1	4	4	4
2710	4	4	4	4	4	4	4	4	4	4	4	4	4	4	4
2718	3	3	3	3	3	3	3	3	3	3	3	3	3	3	3
2729	5	5	5	5	5	5	5	5	5	5	5	5	5	5	5
2730	4	4	4	4	4	4	4	4	4	4	4	4	4	4	4
2731	3	3	3	3	3	3	3	3	3	3	3	3	3	3	3
2732	5	3	3	0	4	2	0	2	5	2	2	0	3	3	3
2734	3	3	3	3	3	3	3	3	3	3	3	3	3	3	3
2736	4	4	4	4	4	4	4	4	4	4	4	4	4	4	4
2738	2	2	2	2	2	2	2	2	2	2	2	2	2	2	2
2746	5	5	2	2	5	5	2	5	5	2	2	2	5	2	5
2747	4	4	2	1	4	5	3	5	5	2	1	2	4	3	4
2748	3	3	3	3	3	3	3	3	3	3	3	3	3	3	3
2760	4	4	4	4	4	4	1	4	4	1	1	1	1	1	4
2762	4	4	4	4	4	4	4	4	4	4	4	4	4	4	4
2767	4	4	4	4	4	4	4	4	4	4	4	4	4	4	4
2769	3	3	3	2	3	5	3	5	3	3	1	3	3	3	3
2771	3	2	2	3	2	3	2	3	4	3	2	2	3	3	3
2772	2	2	2	2	0	2	2	2	2	2	2	2	2	2	2
2773	4	0	5	5	0	5	0	4	5	3	0	0	5	5	5
2775	3	3	3	3	3	3	3	3	3	4	0	3	0	4	4
2777	1	5	4	1	5	4	3	4	3	1	1	4	1	0	4
2779	2	2	2	3	2	2	3	3	3	2	3	3	3	2	3
2781	1	1	3	1	1	4	2	4	1	1	2	0	3	3	5
2783	1	1	3	2	3	3	2	2	3	2	2	2	3	3	3
2790	4	3	1	1	4	4	3	3	4	4	3	3	4	4	4
2796	4	2	4	4	4	4	4	4	4	3	4	3	4	4	4
2797	4	2	0	0	3	4	3	5	4	0	3	3	4	2	3
2798	4	4	1	1	4	2	1	2	4	1	1	1	4	1	1
2800	4	1	2	2	2	4	3	4	4	1	2	2	4	2	3
2802	4	5	0	0	5	4	3	3	5	3	3	5	5	1	3
2805	4	1	5	4	2	3	1	4	4	1	3	3	4	4	3
2814	4	3	3	2	3	4	2	2	3	0	2	1	4	2	3
2816	4	4	4	4	4	4	4	4	4	4	2	1	4	4	4
2824	5	3	2	3	5	4	4	3	4	2	4	4	5	2	4
2825	4	3	3	3	3	4	3	4	4	3	2	2	3	2	2
2826	4	3	3	3	5	5	3	4	4	3	4	3	5	0	4
2827	4	0	2	0	0	0	2	2	0	0	0	0	0	2	0
2836	3	3	3	3	3	3	3	3	3	3	3	3	3	3	3
2837	4	1	3	1	0	5	1	1	5	3	1	0	5	5	4
2838	5	5	2	2	5	5	3	3	5	2	3	3	5	0	5
2839	4	1	4	3	3	4	2	4	3	3	2	2	4	3	4
2841	4	0	4	4	0	4	0	4	4	4	0	0	4	4	4
2842	4	3	1	1	4	4	1	3	3	1	2	1	3	1	4
2846	4	1	1	2	2	2	3	2	3	3	3	3	3	3	2
2849	4	5	0	0	5	2	0	1	4	0	5	4	4	0	2
2853	4	3	3	4	5	3	4	2	1	3	4	4	2	1	3
2856	5	3	2	2	3	3	2	5	4	2	5	2	3	2	3
2857	4	3	1	2	3	3	3	2	3	2	3	3	3	2	3
2863	4	3	0	0	5	5	3	3	4	0	3	3	4	1	3
2865	4	2	2	2	3	4	2	3	4	2	3	3	4	3	3
2866	4	3	3	3	1	3	3	3	3	3	1	1	3	3	3
2868	3	1	3	3	1	5	1	3	1	1	1	2	4	1	5
2871	4	1	2	2	2	4	1	4	4	3	2	1	4	4	4
2873	2	2	3	2	2	4	1	4	2	3	2	1	2	3	4
2875	3	2	2	2	2	4	4	2	3	2	3	3	3	3	3
2879	4	1	3	4	3	5	4	2	4	1	3	4	4	1	4
2881	4	2	2	2	2	4	0	4	3	2	3	0	4	0	5
2885	0	0	5	5	0	2	0	3	5	5	2	2	5	5	3
2888	4	4	1	1	4	4	2	4	3	1	0	1	3	0	1
2895	5	3	4	2	3	4	0	3	4	2	1	3	2	3	4
2904	5	0	5	5	0	4	0	0	4	1	0	0	5	5	5
2907	4	5	2	2	5	4	3	3	3	1	3	3	4	2	4
2908	4	2	2	2	3	4	3	2	3	0	3	3	4	3	3
2910	4	3	3	3	3	3	2	3	2	3	3	3	3	3	3
2912	2	3	0	1	3	3	3	3	4	4	2	2	1	3	5
2915	2	3	0	2	2	5	2	1	0	2	1	0	3	2	3
2917	4	3	3	3	3	3	1	3	3	5	1	1	2	3	3
2918	3	2	2	3	2	3	3	2	3	2	3	3	2	3	3
2919	4	2	4	5	2	4	3	2	4	4	2	2	4	4	5
2921	4	2	4	4	3	5	3	4	5	0	1	0	4	3	5
2925	3	3	2	2	3	4	4	4	4	3	2	3	4	3	4
2928	5	4	1	0	5	5	5	4	0	1	5	5	0	1	1
2929	4	2	1	3	3	3	2	3	1	3	3	2	3	3	4
2930	5	3	1	3	3	3	0	3	5	2	1	0	5	3	2
2933	4	2	2	2	2	5	3	4	4	3	3	3	4	3	4
2936	1	5	5	5	5	5	0	3	1	4	5	5	3	0	4
2939	4	2	4	4	3	4	5	5	4	4	4	3	4	2	4
2941	4	2	4	2	3	5	2	4	4	2	4	2	5	4	4
2943	4	2	2	2	2	2	2	4	4	2	2	3	4	2	2
2948	4	3	3	3	3	4	3	4	4	3	1	1	4	4	4
2951	4	2	1	0	3	3	3	3	3	3	2	2	3	1	3
2956	4	4	4	4	4	3	1	3	4	4	3	3	4	1	4
2959	5	1	3	3	2	4	0	4	4	2	1	1	4	4	4
2961	4	3	2	2	3	5	3	5	5	2	3	3	5	2	5
2971	4	5	1	2	5	1	4	1	4	0	4	3	3	0	1
2973	2	3	2	3	3	3	3	2	2	3	3	3	2	3	3
2974	3	5	1	3	5	1	0	3	2	2	3	0	3	0	2
2975	4	3	0	0	5	4	3	2	5	0	3	3	3	1	4
2977	5	3	3	3	4	4	3	3	4	2	3	1	5	1	4
2979	4	3	3	3	3	3	3	4	4	3	3	3	3	3	3
2989	4	3	3	3	3	3	3	3	4	3	3	3	4	2	3
